underlying,market,bars,active_bars,expected,coverage,first,last,settlements,observed_funding_sum,normalized_settlements,normalization,funding_status,exclusion,price_kind
SNDK,gateio|spot|SNDKG_USDT,8640,7487,8640,0.866550925925926,1788235200000,1790826900000,0,,0,share_ratio_unverified,不适用,,5m_trade_close_proxy
SNDK,okx|spot|XSNDK-USDT,8640,7876,8640,0.9115740740740741,1788235200000,1790826900000,0,,0,scaled_share_verified,不适用,,5m_trade_close_proxy
SNDK,binance|spot|SNDKBUSDT,8640,8590,8640,0.9942129629629629,1788235200000,1790826900000,0,,0,share_ratio_unverified,不适用,,5m_trade_close_proxy
SNDK,bitget|spot|RSNDKUSDT,0,0,8640,0.0,,,0,,0,share_ratio_unverified,不适用,Bitget rToken K线可能为参考市场；不纳入交易价历史,5m_trade_close_proxy
SNDK,okx|futures|SNDK-USDT-SWAP,8640,8640,8640,1.0,1788235200000,1790826900000,90,0.0020070690343516,90,registry_per_share,已取得实际结算,,5m_trade_close_proxy
SNDK,gateio|futures|SNDK_USDT,8640,8640,8640,1.0,1788235200000,1790826900000,90,0.000597,90,registry_per_share,已取得实际结算,,5m_trade_close_proxy
SNDK,bitget|futures|SNDKUSDT,8640,8638,8640,0.9997685185185186,1788235200000,1790826900000,90,0.003731,90,registry_per_share,已取得实际结算,,5m_trade_close_proxy
SNDK,binance|futures|SNDKUSDT,8640,8640,8640,1.0,1788235200000,1790826900000,90,0.00266235,90,registry_per_share,已取得实际结算,,5m_trade_close_proxy
SNDK,bybit|futures|SNDKUSDT,8640,8640,8640,1.0,1788235200000,1790826900000,90,0.00157497,90,registry_per_share,已取得实际结算,,5m_trade_close_proxy
SPCX,gateio|spot|SPCXON_USDT,8640,4175,8640,0.4832175925925926,1788235200000,1790826900000,0,,0,share_ratio_unverified,不适用,,5m_trade_close_proxy
SPCX,gateio|spot|SPCXX_USDT,8640,7020,8640,0.8125,1788235200000,1790826900000,0,,0,share_ratio_unverified,不适用,,5m_trade_close_proxy
SPCX,gateio|spot|SPCXG_USDT,8640,7298,8640,0.8446759259259259,1788235200000,1790826900000,0,,0,share_ratio_unverified,不适用,,5m_trade_close_proxy
SPCX,okx|spot|XSPCX-USDT,8640,7182,8640,0.83125,1788235200000,1790826900000,0,,0,scaled_share_verified,不适用,,5m_trade_close_proxy
SPCX,binance|spot|SPCXBUSDT,8640,8640,8640,1.0,1788235200000,1790826900000,0,,0,share_ratio_unverified,不适用,,5m_trade_close_proxy
SPCX,bybit|spot|SPCXXUSDT,8640,6409,8640,0.7417824074074074,1788235200000,1790826900000,0,,0,share_ratio_unverified,不适用,,5m_trade_close_proxy
SPCX,bitget|spot|RSPCXUSDT,0,0,8640,0.0,,,0,,0,share_ratio_unverified,不适用,Bitget rToken K线可能为参考市场；不纳入交易价历史,5m_trade_close_proxy
SPCX,okx|futures|SPCX-USDT-SWAP,8640,8637,8640,0.9996527777777777,1788235200000,1790826900000,90,0.0019778899137292,90,registry_per_share,已取得实际结算,,5m_trade_close_proxy
SPCX,gateio|futures|SPCX_USDT,8640,8637,8640,0.9996527777777777,1788235200000,1790826900000,90,-0.000112,90,registry_per_share,已取得实际结算,,5m_trade_close_proxy
SPCX,bitget|futures|SPCXUSDT,8640,8573,8640,0.9922453703703704,1788235200000,1790826900000,90,0.004841,90,registry_per_share,已取得实际结算,,5m_trade_close_proxy
SPCX,binance|futures|SPCXUSD1,8640,6430,8640,0.7442129629629629,1788235200000,1790826900000,90,0.00140232,90,registry_per_share,已取得实际结算,,5m_trade_close_proxy
SPCX,binance|futures|SPCXUSDT,8640,8640,8640,1.0,1788235200000,1790826900000,90,0.00226611,90,registry_per_share,已取得实际结算,,5m_trade_close_proxy
SPCX,bybit|futures|SPCXUSDT,8640,8589,8640,0.9940972222222222,1788235200000,1790826900000,90,0.00192451,90,registry_per_share,已取得实际结算,,5m_trade_close_proxy
MU,gateio|spot|MUG_USDT,8640,7211,8640,0.8346064814814815,1788235200000,1790826900000,0,,0,share_ratio_unverified,不适用,,5m_trade_close_proxy
MU,okx|spot|XMU-USDT,8640,7784,8640,0.9009259259259259,1788235200000,1790826900000,0,,0,scaled_share_verified,不适用,,5m_trade_close_proxy
MU,binance|spot|MUBUSDT,8640,8534,8640,0.9877314814814815,1788235200000,1790826900000,0,,0,share_ratio_unverified,不适用,,5m_trade_close_proxy
MU,bitget|spot|RMUUSDT,0,0,8640,0.0,,,0,,0,share_ratio_unverified,不适用,Bitget rToken K线可能为参考市场；不纳入交易价历史,5m_trade_close_proxy
MU,okx|futures|MU-USDT-SWAP,8640,8639,8640,0.9998842592592593,1788235200000,1790826900000,90,0.0037882793149036,90,registry_per_share,已取得实际结算,,5m_trade_close_proxy
MU,gateio|futures|MU_USDT,8640,8637,8640,0.9996527777777777,1788235200000,1790826900000,90,0.0,90,registry_per_share,已取得实际结算,,5m_trade_close_proxy
MU,bitget|futures|MUUSDT,8640,8588,8640,0.9939814814814815,1788235200000,1790826900000,90,0.006207,90,registry_per_share,已取得实际结算,,5m_trade_close_proxy
MU,binance|futures|MUUSDT,8640,8640,8640,1.0,1788235200000,1790826900000,90,0.00476347,90,registry_per_share,已取得实际结算,,5m_trade_close_proxy
MU,bybit|futures|MUUSDT,8640,8640,8640,1.0,1788235200000,1790826900000,90,0.00312453,90,registry_per_share,已取得实际结算,,5m_trade_close_proxy
CRCL,gateio|spot|CRCLG_USDT,8640,6642,8640,0.76875,1788235200000,1790826900000,0,,0,share_ratio_unverified,不适用,,5m_trade_close_proxy
CRCL,gateio|spot|CRCLX_USDT,8640,8122,8640,0.9400462962962963,1788235200000,1790826900000,0,,0,share_ratio_unverified,不适用,,5m_trade_close_proxy
CRCL,gateio|spot|CRCLON_USDT,8640,6412,8640,0.7421296296296296,1788235200000,1790826900000,0,,0,share_ratio_unverified,不适用,,5m_trade_close_proxy
CRCL,okx|spot|XCRCL-USDT,8640,8331,8640,0.9642361111111111,1788235200000,1790826900000,0,,0,scaled_share_verified,不适用,,5m_trade_close_proxy
CRCL,binance|spot|CRCLBUSDT,8640,8619,8640,0.9975694444444444,1788235200000,1790826900000,0,,0,share_ratio_unverified,不适用,,5m_trade_close_proxy
CRCL,bybit|spot|CRCLXUSDT,8640,6686,8640,0.7738425925925926,1788235200000,1790826900000,0,,0,share_ratio_unverified,不适用,,5m_trade_close_proxy
CRCL,bitget|spot|RCRCLUSDT,0,0,8640,0.0,,,0,,0,share_ratio_unverified,不适用,Bitget rToken K线可能为参考市场；不纳入交易价历史,5m_trade_close_proxy
CRCL,gateio|futures|CRCL_USDT,7998,7874,8640,0.9113425925925925,1788427800000,1790826900000,86,0.01546,85,registry_per_share,已取得实际结算,,5m_trade_close_proxy
CRCL,bitget|futures|CRCLUSDT,8640,8550,8640,0.9895833333333334,1788235200000,1790826900000,90,0.013863,90,registry_per_share,已取得实际结算,,5m_trade_close_proxy
CRCL,okx|futures|CRCL-USDT-SWAP,8640,8631,8640,0.9989583333333333,1788235200000,1790826900000,90,0.0116520861485464,90,registry_per_share,已取得实际结算,,5m_trade_close_proxy
CRCL,binance|futures|CRCLUSDT,8640,8640,8640,1.0,1788235200000,1790826900000,90,0.01173758,90,registry_per_share,已取得实际结算,,5m_trade_close_proxy
CRCL,bybit|futures|CRCLUSDT,8640,8633,8640,0.9991898148148148,1788235200000,1790826900000,90,0.00960397,90,registry_per_share,已取得实际结算,,5m_trade_close_proxy
SKHY,gateio|spot|SKHYON_USDT,8640,4249,8640,0.4917824074074074,1788235200000,1790826900000,0,,0,share_ratio_unverified,不适用,,5m_trade_close_proxy
SKHY,gateio|spot|SKHYG_USDT,8640,7012,8640,0.8115740740740741,1788235200000,1790826900000,0,,0,share_ratio_unverified,不适用,,5m_trade_close_proxy
SKHY,okx|spot|XSKHY-USDT,8640,7142,8640,0.8266203703703704,1788235200000,1790826900000,0,,0,share_ratio_unverified,不适用,,5m_trade_close_proxy
SKHY,binance|spot|SKHYBUSDT,8640,8403,8640,0.9725694444444445,1788235200000,1790826900000,0,,0,share_ratio_unverified,不适用,,5m_trade_close_proxy
SKHY,bitget|spot|RSKHYUSDT,0,0,8640,0.0,,,0,,0,share_ratio_unverified,不适用,Bitget rToken K线可能为参考市场；不纳入交易价历史,5m_trade_close_proxy
SKHY,okx|futures|SKHY-USDT-SWAP,8640,8625,8640,0.9982638888888888,1788235200000,1790826900000,90,-0.0012120276602719002,90,share_ratio_unverified,已取得实际结算,,5m_trade_close_proxy
SKHY,gateio|futures|SKHY_USDT,8640,8637,8640,0.9996527777777777,1788235200000,1790826900000,90,-0.001206,90,share_ratio_unverified,已取得实际结算,,5m_trade_close_proxy
SKHY,bitget|futures|SKHYUSDT,8640,8564,8640,0.9912037037037037,1788235200000,1790826900000,90,-0.004487,90,share_ratio_unverified,已取得实际结算,,5m_trade_close_proxy
SKHY,binance|futures|SKHYUSDT,8640,8640,8640,1.0,1788235200000,1790826900000,90,-0.00448287,90,share_ratio_unverified,已取得实际结算,,5m_trade_close_proxy
SKHY,bybit|futures|SKHYUSDT,8640,8625,8640,0.9982638888888888,1788235200000,1790826900000,90,-0.00136668,90,share_ratio_unverified,已取得实际结算,,5m_trade_close_proxy
MSTR,gateio|spot|MSTRG_USDT,8640,7384,8640,0.8546296296296296,1788235200000,1790826900000,0,,0,share_ratio_unverified,不适用,,5m_trade_close_proxy
MSTR,gateio|spot|MSTRX_USDT,8640,7405,8640,0.8570601851851852,1788235200000,1790826900000,0,,0,share_ratio_unverified,不适用,,5m_trade_close_proxy
MSTR,gateio|spot|MSTRON_USDT,8640,6523,8640,0.7549768518518518,1788235200000,1790826900000,0,,0,share_ratio_unverified,不适用,,5m_trade_close_proxy
MSTR,okx|spot|XMSTR-USDT,8640,8607,8640,0.9961805555555555,1788235200000,1790826900000,0,,0,scaled_share_verified,不适用,,5m_trade_close_proxy
MSTR,binance|spot|MSTRBUSDT,8640,8626,8640,0.9983796296296297,1788235200000,1790826900000,0,,0,share_ratio_unverified,不适用,,5m_trade_close_proxy
MSTR,bitget|spot|RMSTRUSDT,0,0,8640,0.0,,,0,,0,share_ratio_unverified,不适用,Bitget rToken K线可能为参考市场；不纳入交易价历史,5m_trade_close_proxy
MSTR,okx|futures|MSTR-USDT-SWAP,8640,8637,8640,0.9996527777777777,1788235200000,1790826900000,90,0.0093252273870601,90,registry_per_share,已取得实际结算,,5m_trade_close_proxy
MSTR,gateio|futures|MSTR_USDT,8039,7884,8640,0.9125,1788415500000,1790826900000,86,0.016508,85,registry_per_share,已取得实际结算,,5m_trade_close_proxy
MSTR,bitget|futures|MSTRUSDT,8640,8640,8640,1.0,1788235200000,1790826900000,90,0.009833,90,registry_per_share,已取得实际结算,,5m_trade_close_proxy
MSTR,binance|futures|MSTRUSDT,8640,8640,8640,1.0,1788235200000,1790826900000,90,0.00836536,90,registry_per_share,已取得实际结算,,5m_trade_close_proxy
MSTR,bybit|futures|MSTRUSDT,8640,8639,8640,0.9998842592592593,1788235200000,1790826900000,90,0.01247085,90,registry_per_share,已取得实际结算,,5m_trade_close_proxy
INTC,gateio|spot|INTCG_USDT,8640,7006,8640,0.8108796296296297,1788235200000,1790826900000,0,,0,share_ratio_unverified,不适用,,5m_trade_close_proxy
INTC,okx|spot|XINTC-USDT,8640,7051,8640,0.8160879629629629,1788235200000,1790826900000,0,,0,scaled_share_verified,不适用,,5m_trade_close_proxy
INTC,binance|spot|INTCBUSDT,8640,7935,8640,0.9184027777777778,1788235200000,1790826900000,0,,0,share_ratio_unverified,不适用,,5m_trade_close_proxy
INTC,bitget|spot|RINTCUSDT,0,0,8640,0.0,,,0,,0,share_ratio_unverified,不适用,Bitget rToken K线可能为参考市场；不纳入交易价历史,5m_trade_close_proxy
INTC,okx|futures|INTC-USDT-SWAP,8640,8611,8640,0.9966435185185185,1788235200000,1790826900000,90,0.0025385940156135997,90,registry_per_share,已取得实际结算,,5m_trade_close_proxy
INTC,gateio|futures|INTC_USDT,8640,8640,8640,1.0,1788235200000,1790826900000,90,0.003946,90,registry_per_share,已取得实际结算,,5m_trade_close_proxy
INTC,bitget|futures|INTCUSDT,8640,8389,8640,0.970949074074074,1788235200000,1790826900000,90,0.01071,90,registry_per_share,已取得实际结算,,5m_trade_close_proxy
INTC,binance|futures|INTCUSDT,8640,8640,8640,1.0,1788235200000,1790826900000,90,0.0045752,90,registry_per_share,已取得实际结算,,5m_trade_close_proxy
INTC,bybit|futures|INTCUSDT,8640,8611,8640,0.9966435185185185,1788235200000,1790826900000,90,0.00522356,90,registry_per_share,已取得实际结算,,5m_trade_close_proxy
NVDA,gateio|spot|NVDAON_USDT,8640,4357,8640,0.5042824074074074,1788235200000,1790826900000,0,,0,share_ratio_unverified,不适用,,5m_trade_close_proxy
NVDA,gateio|spot|NVDAG_USDT,8640,7182,8640,0.83125,1788235200000,1790826900000,0,,0,share_ratio_unverified,不适用,,5m_trade_close_proxy
NVDA,gateio|spot|NVDAX_USDT,8640,6772,8640,0.7837962962962963,1788235200000,1790826900000,0,,0,share_ratio_unverified,不适用,,5m_trade_close_proxy
NVDA,okx|spot|XNVDA-USDT,8640,6609,8640,0.7649305555555556,1788235200000,1790826900000,0,,0,scaled_share_verified,不适用,,5m_trade_close_proxy
NVDA,binance|spot|NVDABUSDT,8640,8615,8640,0.9971064814814815,1788235200000,1790826900000,0,,0,share_ratio_unverified,不适用,,5m_trade_close_proxy
NVDA,bybit|spot|NVDAXUSDT,8640,8234,8640,0.9530092592592593,1788235200000,1790826900000,0,,0,share_ratio_unverified,不适用,,5m_trade_close_proxy
NVDA,bitget|spot|RNVDAUSDT,0,0,8640,0.0,,,0,,0,share_ratio_unverified,不适用,Bitget rToken K线可能为参考市场；不纳入交易价历史,5m_trade_close_proxy
NVDA,okx|futures|NVDA-USDT-SWAP,8640,8581,8640,0.9931712962962963,1788235200000,1790826900000,90,0.004600463061648,90,registry_per_share,已取得实际结算,,5m_trade_close_proxy
NVDA,gateio|futures|NVDA_USDT,8040,7854,8640,0.9090277777777778,1788415200000,1790826900000,86,1.6999999999999963e-05,85,registry_per_share,已取得实际结算,,5m_trade_close_proxy
NVDA,bitget|futures|NVDAUSDT,8640,8450,8640,0.9780092592592593,1788235200000,1790826900000,90,0.006546,90,registry_per_share,已取得实际结算,,5m_trade_close_proxy
NVDA,binance|futures|NVDAUSDT,8640,8640,8640,1.0,1788235200000,1790826900000,95,0.00754548,93,registry_per_share,已取得实际结算,,5m_trade_close_proxy
NVDA,bybit|futures|NVDAUSDT,8640,8605,8640,0.9959490740740741,1788235200000,1790826900000,90,0.00255673,90,registry_per_share,已取得实际结算,,5m_trade_close_proxy
TSLA,gateio|spot|TSLAX_USDT,8640,7131,8640,0.8253472222222222,1788235200000,1790826900000,0,,0,share_ratio_unverified,不适用,,5m_trade_close_proxy
TSLA,gateio|spot|TSLAON_USDT,8640,4695,8640,0.5434027777777778,1788235200000,1790826900000,0,,0,share_ratio_unverified,不适用,,5m_trade_close_proxy
TSLA,gateio|spot|TSLAG_USDT,8640,7103,8640,0.8221064814814815,1788235200000,1790826900000,0,,0,share_ratio_unverified,不适用,,5m_trade_close_proxy
TSLA,okx|spot|XTSLA-USDT,8640,6485,8640,0.7505787037037037,1788235200000,1790826900000,0,,0,scaled_share_verified,不适用,,5m_trade_close_proxy
TSLA,binance|spot|TSLABUSDT,8640,8528,8640,0.987037037037037,1788235200000,1790826900000,0,,0,share_ratio_unverified,不适用,,5m_trade_close_proxy
TSLA,bybit|spot|TSLAXUSDT,8640,4732,8640,0.5476851851851852,1788235200000,1790826900000,0,,0,share_ratio_unverified,不适用,,5m_trade_close_proxy
TSLA,bitget|spot|RTSLAUSDT,0,0,8640,0.0,,,0,,0,share_ratio_unverified,不适用,Bitget rToken K线可能为参考市场；不纳入交易价历史,5m_trade_close_proxy
TSLA,okx|futures|TSLA-USDT-SWAP,8640,8570,8640,0.9918981481481481,1788235200000,1790826900000,90,0.0038484809582436,90,registry_per_share,已取得实际结算,,5m_trade_close_proxy
TSLA,gateio|futures|TSLA_USDT,8040,7776,8640,0.9,1788415200000,1790826900000,86,0.008647,85,registry_per_share,已取得实际结算,,5m_trade_close_proxy
TSLA,bitget|futures|TSLAUSDT,8640,8346,8640,0.9659722222222222,1788235200000,1790826900000,90,0.007322,90,registry_per_share,已取得实际结算,,5m_trade_close_proxy
TSLA,binance|futures|TSLAUSDT,8640,8640,8640,1.0,1788235200000,1790826900000,90,0.00414868,90,registry_per_share,已取得实际结算,,5m_trade_close_proxy
TSLA,bybit|futures|TSLAUSDT,8640,8587,8640,0.9938657407407407,1788235200000,1790826900000,90,0.00270679,90,registry_per_share,已取得实际结算,,5m_trade_close_proxy
AAPL,gateio|spot|AAPLX_USDT,8640,6853,8640,0.7931712962962963,1788235200000,1790826900000,0,,0,share_ratio_unverified,不适用,,5m_trade_close_proxy
AAPL,binance|spot|AAPLBUSDT,8640,8376,8640,0.9694444444444444,1788235200000,1790826900000,0,,0,share_ratio_unverified,不适用,,5m_trade_close_proxy
AAPL,gateio|spot|AAPLG_USDT,8640,6642,8640,0.76875,1788235200000,1790826900000,0,,0,share_ratio_unverified,不适用,,5m_trade_close_proxy
AAPL,gateio|spot|AAPLON_USDT,8640,4434,8640,0.5131944444444444,1788235200000,1790826900000,0,,0,share_ratio_unverified,不适用,,5m_trade_close_proxy
AAPL,okx|spot|XAAPL-USDT,8640,5731,8640,0.6633101851851851,1788235200000,1790826900000,0,,0,scaled_share_verified,不适用,,5m_trade_close_proxy
AAPL,bybit|spot|AAPLXUSDT,8640,4500,8640,0.5208333333333334,1788235200000,1790826900000,0,,0,share_ratio_unverified,不适用,,5m_trade_close_proxy
AAPL,bitget|spot|RAAPLUSDT,0,0,8640,0.0,,,0,,0,share_ratio_unverified,不适用,Bitget rToken K线可能为参考市场；不纳入交易价历史,5m_trade_close_proxy
AAPL,gateio|futures|AAPL_USDT,8039,7655,8640,0.8859953703703703,1788415500000,1790826900000,86,0.0036910000000000003,85,registry_per_share,已取得实际结算,,5m_trade_close_proxy
AAPL,bitget|futures|AAPLUSDT,8640,8076,8640,0.9347222222222222,1788235200000,1790826900000,90,0.001387,90,registry_per_share,已取得实际结算,,5m_trade_close_proxy
AAPL,okx|futures|AAPL-USDT-SWAP,8640,8490,8640,0.9826388888888888,1788235200000,1790826900000,90,0.0023601488545089,90,registry_per_share,已取得实际结算,,5m_trade_close_proxy
AAPL,binance|futures|AAPLUSDT,8640,8638,8640,0.9997685185185186,1788235200000,1790826900000,90,0.00125567,90,registry_per_share,已取得实际结算,,5m_trade_close_proxy
AAPL,bybit|futures|AAPLUSDT,8640,8595,8640,0.9947916666666666,1788235200000,1790826900000,90,0.00021821,90,registry_per_share,已取得实际结算,,5m_trade_close_proxy
